{
  "mse": 0.7689958095952258,
  "rmse": 0.8769240614758075,
  "mae": 0.6723482640054445,
  "r2": 0.23167755403373813
}